f1,f2,f3,target
0.6218232033562505,-1.2614701706105231,-0.7955570679408823,0.7591752176745077
-2.5381231976102026,-0.6315695165456239,0.4243939378610126,-7.403986504204219
-2.5464983168755984,-0.2801695208807131,1.2795186697601588,-4.869282011651029
2.708539325073396,1.3237966842202735,-2.2168188393540644,-1.0839706216533789
-1.2162552581559982,-1.5204356261091516,0.5027448074908146,-10.337206212773268
-2.4475980835051474,0.9397033895795768,-2.4932708203300775,-8.68525381208461
0.5942675229022893,0.1258196567572214,-0.965664803523208,0.5797349887650213
0.7418926697415964,-0.8482186292960301,1.6291663649009451,3.7936957199097714
0.8910289207121291,-0.02872166186870162,-0.581782033392054,-0.3576207426760498
-1.3955878328547522,-0.8002317208919094,-1.1738799644089726,-4.918275793630756
-2.90933589471315,0.38432782095322393,-0.19793772898468187,-4.9141311051788845
2.7900922167268316,-0.2646243085790232,2.067906338163552,9.339857814256508
-1.494641725853385,-1.342377883684485,-1.8316822472060261,-8.21380716742174
1.0561577283152852,-1.5336677017772131,-1.0513099116393445,-2.5267963935049496
1.2397792192722576,0.1867827282885206,1.4974316831796264,2.0280163596970135
0.6600445024769144,1.6096521331444138,1.8577023435377324,0.6916387874163159
-1.1225556347181107,-0.6241692537692578,-0.10343122429028392,-4.517020711595701
-1.3734224774156054,0.9320004288904928,-1.2390527025266425,-5.355503380252179
0.5860096962162187,0.6346454197590679,2.095843501809159,0.2817372764338155
2.196573801670149,1.726219657237924,1.5944423917491968,-0.20645858907433068
2.6804023735403737,1.2839240691965634,0.678946987762233,6.497459493838226
-2.3645651735774544,0.26642103562185193,-0.81240234893742,-7.291292784223354
-2.071028324413681,0.6281219929364292,-0.049029340838036735,-3.751951032143396
2.668417552698478,1.5935458663361395,-0.16036008104483077,1.838474649607476
1.419211370008755,-0.4019248616522608,0.33085130461557777,0.7921694697935808
2.297962948978638,-0.6928211765688905,1.451001438131336,7.524907937498234
-1.784204195187941,-1.9567556654592146,0.8794170411374032,-11.445880549331722
0.5255152266564114,1.306204296765857,-1.0773760769847582,-1.678922579170945
1.2068375665048414,1.2039228016134595,1.3764964500195378,1.684782820549168
1.0806713126818357,-1.5821819275993945,0.3131321400131553,-3.8371195078377207
-0.5510898547998115,0.30742952453080097,0.6870657958589163,-0.6830465152664726
-2.907630649852149,-0.14407320733245044,1.466540859278603,-2.6922178983783374
0.49755634082557876,-1.5251636179635542,-1.1115802495135512,-3.204074995533982
-1.4813907649223474,1.9222729082428942,-0.035825578706462934,-10.473236203426149
-0.29847452314265777,-1.1412164501465782,-0.531454551359215,-1.955755276097875
2.7454860905029044,-1.7310632796377554,-1.5678594253654559,0.3748003006346177
-0.6057880941453915,0.3793895180076383,0.3467099776049199,-1.1472154415981821
2.0388096399865603,0.9554667085321307,2.5115565515844236,4.076737302149926
-1.8687563655044932,-1.8702262158112521,-1.8400777445057528,-12.273131822085832
1.034762988150173,0.6348705549080886,-0.032280611049470324,3.3855109263755785
2.8620417266336613,0.12916750380581776,0.6405429350747734,6.447468090730446
-2.388641394762379,-1.5869399644998063,0.12307820165618115,-8.257170585212927
-2.950080346636848,-1.3099044922145517,-0.1131280525157404,-10.70310475177693
-0.39850324420431393,0.27189718926432205,-1.2992163634458243,-3.630277651673547
-2.444247101691797,-0.8145695459468465,0.23278674294016363,-5.5990039515342716
1.4903060980573883,1.7532629146052643,-0.7567639770159263,-2.91858921369253
2.487291983091353,1.2749609179362031,-2.1899217049785533,2.46062713840034
-0.3958741637474468,1.9342688260546521,1.1945922205137307,-7.0867029638983805
-1.4477301470673543,-0.9613166441983441,0.9583858198420424,-4.509950787848381
-0.3935800859603411,1.878894531191908,0.0516609768510798,-6.551555416050592
1.3406869071000056,-0.27506452083376853,0.22907468820570256,3.858041190401436
-2.945675030517774,-0.6099248187449815,1.0743180127155614,-10.060213947666014
0.5367239369081833,-1.798601892122587,0.2243396567780826,-5.961093856195365
0.6797501093242744,-1.7889389685615895,0.9040175547613144,-1.8534386900466755
0.826129481375613,0.7680450237866188,-0.29748220087385013,0.5375771538861485
-1.5478675201147367,-0.1682840222638884,1.3119837385739466,-3.525455511596186
1.2843163402687603,-1.0939134958555772,0.3207857259326839,-0.6923271444218408
-2.4516510820093416,0.45588122530093056,0.19405194360587402,-7.9481752825392205
-1.8043779811991951,-0.9885675269995553,-1.270061088712032,-10.445776252570168
2.2648202799268917,0.3105270173776904,0.2869558543017087,5.5948212392977945
1.4323389043593977,-0.5631650120692386,-0.8319549174944512,1.3635527688078155
-2.9175266759319287,1.2942089064472762,-0.6382827265284942,-12.333111028532855
-1.5097424377811988,1.2827846430671173,-0.8153756283161211,-7.572344890569332
-1.7135611020410126,-0.09059840751039472,-1.066234931899225,-4.712332776130883
-1.3751620317781645,-0.5967235626599376,2.1247714030169615,0.9732438631643481
-1.5146413783206816,-0.5497608137636218,1.3313390619884031,-5.400249933587032
-2.624842225542926,1.2228581026728715,1.9203675021442612,-5.7863907376675465
-0.24635690041907798,-0.687282068809552,-1.222895019555564,-1.1070873829179424
1.3964008487169908,-1.163762505172616,0.07125374991089249,-0.05132631555492795
0.6403903483046185,-1.6612466324987727,-1.2935076252040958,-4.225859733222416
1.0372300115884787,-0.1332275164623664,-0.695694877197064,1.2485505374305021
-2.513104928782565,-0.07147160432063249,-0.9181269834165748,-6.8397384788067175
2.708944261060723,1.3636348416116286,1.2395840064415615,6.8045828122931304
2.0309510030581492,-1.115045214215744,-0.39622967810175985,3.391193652758976
1.8305419109739764,-0.47603490532640036,1.0683793336940164,5.892912121649312
1.9379028302506054,1.2336229555747638,0.604120889588518,2.0037158225863885
2.596263048796568,1.294494442995894,2.303638752104789,3.3215589481941783
0.26552379668218595,-0.4615556960849272,-1.479444223139724,-1.3638532139900936
-1.7983078927942446,-0.16350390685327643,1.259233239786799,-1.6006679334829335
0.7007016471152472,-0.7868564366028683,1.1464408704007276,-0.6216583770177533
1.4572889620076337,1.7302195136772482,-0.9733788380270346,-4.20403981938745
1.4275043601241526,-1.5254249370336788,1.0071333364731596,0.4761242781437622
0.12869414500128062,1.73499769200588,0.3361449630262288,-6.271106932322401
-2.589247683998532,0.7354658073413729,-0.22747625995340778,-8.840270931410151
-0.7733223694192333,0.12628861074692477,-0.8239354869719996,-3.3389535981830476
2.524599650780144,-1.8693637568620165,-0.7191094514491859,-2.674263025483823
0.5066934585445564,-0.09761523271196682,2.049812095785926,1.6332300426608315
0.22999165953428058,-0.36900757998907086,0.000682818957482628,1.385635691717496
-1.386878913706839,-1.3551247520995098,0.7821300015314592,-8.029788524990195
-0.7893064805005263,0.6256384140026277,-0.7908993816675531,-5.786446011630673
2.3720765349190156,1.8846036294731432,-0.7798529462216388,-2.1098292960047975
0.9987782851610145,0.24875524425810047,1.0819848092499422,4.45728278620962
1.7243221605139976,0.8590131057757833,-1.3495762115515322,1.4725777702830776
-0.2739274615940692,-1.7261981897359329,-0.41521376790527154,-7.1189510047190465
0.7814833167369475,-0.32933201673202106,0.03402741107223205,1.8556439190401839
-1.5096983475407548,-1.5345660593420165,0.11137260184005242,-10.531379059357391
1.2327649817009174,0.4511833421460416,-0.17909328501615626,3.296367443586172
-0.43439199777997617,1.7539286328566184,0.3958197810959231,-5.691867812835859
-0.3447269111115263,0.647110929886554,0.6928557558178116,-1.6059644087279206
0.8959339474612902,-1.6927878067423139,0.73463754545933,-0.7480595783185693
2.61768372881356,-0.5813351800596687,-0.9858038086678267,3.357430680968285
-2.6159619203482745,0.20265351776340612,-0.2841550979287972,-5.17770410599764
1.9484594240820456,-0.38716897546699114,1.1947628618769377,5.908355966271747
-1.2457013375268413,1.3345760419006893,0.8946471875738723,-6.019867540725438
-0.3364832729617331,1.2586840188399568,-1.372859451481064,-4.958305968499346
-2.8685200273499465,0.44732408041288574,0.35147990035220167,-7.376043206025319
-1.1937235329941218,-0.506168219469179,-1.9782252493748103,-3.3954584918171364
0.01578745578078289,-0.9786545049470234,0.04693490206036963,-3.2572849919958164
-2.6629435359153657,-1.5765027271474827,1.897767016745977,-10.566796911103143
-0.053425623701008895,-0.5804092660537838,-0.9478927172689863,-0.03858801570385606
2.5626637731505637,-0.3473099311691219,-0.8343230454915821,4.545342750238537
-2.3676406913531687,0.7032917004162944,0.7640297815728595,-4.770989897543957
1.586644368453026,0.6326392971902939,-1.542801515209646,4.406825067327976
-0.5419736797440442,-1.7195674414349722,-0.6327550298850391,-7.849548200826886
0.9310422871460284,-0.4189627382753689,0.5964411375817527,3.570492634637855
-1.4385804120886239,-1.2728845311305523,-0.6342858476894031,-8.814269768416413
-2.04304642475185,-1.3727491787327772,-0.23596998721097162,-7.579881657148513
-2.0372243143726414,1.3092085989489837,0.7441857103150346,-7.209406547679451
-2.5770483261411323,-1.8323391331349699,0.42154608353656126,-11.397111974801666
-1.8861197705925419,-0.32326849639151467,0.2668183962954019,-5.631625515235202
0.9853163099338094,-1.3271853769339272,-0.33912227927003874,-3.5041022444043217
2.290143671061048,1.517320862713896,0.37006111526895535,2.669219597750623
1.884754113546971,0.22816205310014048,-0.12373268009975662,1.411716882603696
1.1108058592469048,-1.074477454492608,0.45780560992578473,0.6349107183034202
-2.337408819533384,0.009709148665505651,-0.49693202511797824,-4.879157753431742
-1.264875322224301,0.9259454388124633,-0.18256897437954112,-4.5819286988764745
-1.1411587480651861,1.832472035677735,-0.9899577925520139,-6.865661687048682
-1.5002583216142726,-1.1182159830183243,-0.0350076100062359,-4.495221496588382
0.09003395825833849,1.5447270885173805,-0.8110008636288448,-5.78079066450737
0.21332288927803544,1.737216456669961,-1.1140464501619933,-5.86062234335843
-0.8586841489733388,1.665682178128265,0.25866114785538813,-6.979066206541569
-0.8772650475813837,0.5416574274476393,0.21273977585766032,-4.903068949377306
1.9713335874364883,0.5192826177388308,0.7828737349485725,3.736943968564159
1.7357570899181134,-0.3871574672647089,-0.43112556957509907,2.8404347236820207
-1.1532250099155261,1.0095915292151516,0.4080528468367557,-7.404840817473019
2.482730663239556,0.12517607340372772,0.5507975722736632,6.745580386687656
2.716890102015036,0.7097522849131779,0.44477380783159476,5.9121669644154045
-1.039544747819755,-0.2861683846048182,-0.8256536828021421,-5.998697255863872
-0.8734503072416708,0.9259858561725562,0.1493634822711889,-2.9862889866410285
0.03380492053175299,1.2978860704181963,0.36414029605466136,-1.5460671683990401
2.6467248752020414,-1.4142549735887355,0.007178466907941942,3.363613691942729
2.2579165988538694,1.331718862296912,-2.0864776583710847,0.08860411103195487
-2.384592224498461,0.16118612716122893,0.16048962397348007,-4.976642413702863
-0.6436155403715027,1.3786636363608973,2.212531039397242,-2.0187145347591366
0.32022713849863127,-0.27479317463594155,-0.3600392687569827,0.801717539057128
0.0187948353092402,-0.4838380584678599,-0.7280770978553212,-2.2665793557283367
-1.836821592378644,1.6602429300688897,0.3733485597113982,-8.802670985258297
2.152900627008928,-0.9953229298063948,0.3123782104665717,5.67341101090336
1.0616446979810243,1.3768493011445724,1.1927351654164144,-0.5796553906023971
2.0274502491108217,-0.06391770996238355,-1.2578681559088878,7.076099438593398
2.152585676096833,0.05638177020503887,0.7313802525749924,5.245537989360883
1.490135121994438,-0.7661268740420639,0.5904220612514635,3.2488174832895806
-0.36473639250169576,0.2921688024760627,-0.1421465369405461,-2.202153954962769
0.6632805300925471,-0.6991552148951548,0.33868731792169,1.418053739114118
-2.0378075632815413,-1.8429223430333908,1.0294574815983573,-12.894792686131272
1.0418725048494464,-0.9120055786225758,0.8723153800284503,1.0735448901344804
-1.9244804655643155,-1.9744838263736373,-1.1430193120737286,-14.495555830399939
1.163697543060941,1.9134191482274265,0.8201581867554845,-2.739717358675342
-1.622411035476188,1.86298883927899,-0.06468860503251848,-8.869885617456916
-2.29469219909868,-0.4193788101107798,0.07287409801551539,-5.01871598432679
-2.0082930591422556,0.913483417358584,0.0731969910016945,-10.014357914062863
-2.988047188685578,-0.6167756063583001,-0.15024298879825998,-5.226974049718126
1.3124377071211812,0.6843726283439042,1.191707497107065,3.953492316163196
1.3944062943502749,1.2217201721839164,-0.08371795984921201,-0.44075946114608133
0.08960009947955694,1.787024978768963,-1.1195461283831687,-6.296124282899131
-2.031823193667698,-0.399150896601312,-0.39352985596972884,-5.456228709651699
-2.4986739749358615,1.1331919318241908,0.1786947168104756,-9.397555885470165
-2.8852262013762777,-0.9362861974715249,1.2292147842970504,-7.387834514996473
-2.0055109382086758,1.9613292151745934,0.6030946849488336,-12.306462683033496
2.34513320989888,-1.8969216049425954,-0.8505352787470439,-1.9861525506965596
-1.5507789497899094,0.4141152260044838,2.4851899166788916,-2.9783797098321383
-0.8743720366967063,0.6380239266053085,0.2647753109779796,-4.8293734021286046
-2.3679270931120007,0.7521822282965154,1.2753907379990148,-5.571611951475012
-1.6658321715109783,-1.518449684843644,-0.15171443357722914,-7.573415265945616
0.11534742468123049,1.7541191338925217,0.5333592447054494,-3.997763808545592
0.6465160985739153,-1.2752668837996688,0.8394685045184047,0.674349654605192
-1.5278861150027336,0.4910136129593643,1.218194711754256,-2.670799594506236
-2.6536070446492968,-1.1092956835076602,1.057368305378225,-8.696440828315904
-0.6538027852356079,-0.7711343319149164,0.8721970000729778,-0.6604005505207122
-1.5947797744419951,0.18583416691249743,-0.3150867311941086,-6.368965611608299
-1.6826764606211884,-0.3312263257416941,-0.5717460419560614,-6.269749245037964
2.759176816280732,-1.3590975960939748,0.33260751032419755,2.4261253965835823
0.6978029155543446,-1.3162543903166068,0.9331280723410693,1.085860526651853
0.34127065903257536,-0.3274208473488014,-0.22272070077660705,1.8739428477911126
-0.5053493788600685,1.029131913102003,1.0651719657143865,-1.4801633126567106
-0.42633399941913463,1.5918585873911542,1.4526167454861794,-2.7118099018443087
0.2454300230284847,-1.6634893509624686,-0.9163209190734197,-6.510992220590812
1.178578842216643,-0.4275843697623958,-0.8369207037962799,2.387020044039237
1.2128765770909764,-1.5990177451084935,-0.14037505890533644,-1.88425170137144
-1.9698365537673026,-1.9336300774696085,0.3076126681891964,-10.107482324911835
0.0006765124597620797,0.6468747305758265,-0.524567013767051,-1.3964598307728238
-0.5282514297953882,0.40979776786635114,1.3522026788671444,-0.9833420751100013
2.2231617976163047,-1.3479235447404552,0.4240668615184512,3.48051125881064
0.7885135273102586,-1.0647486676277436,0.03944704824073949,1.280398407092062
0.1950243984958906,-1.9051689854219265,-1.4359095238685275,-8.340679320936653
-2.3076321469264958,1.339788822777615,-1.3158158164275071,-10.27598947048125
0.6338273359404685,1.8987623841942058,0.2810092502818063,-6.239721750293239
-2.2967765659185995,-1.4581618528212368,-2.132595626154836,-15.235593784816771
-0.9767605466054876,-1.0740991449388075,1.0126374096440718,-3.3064784023983607
-2.1429482111140086,1.4736380957877362,-0.1581538443723203,-8.49524758058059
1.1524418821462135,1.7058551918247393,3.2430929695947333,0.955093107775129
-1.7624873169830844,-0.32149046877275866,2.3079162506161106,-5.439477262255872
-0.648843760871844,-1.7975101109237035,-0.18144906924751675,-8.127564387588388
2.374048665712672,-1.8424326652287224,-0.10633700253131496,-3.59830790469639
-1.7741016996061783,0.29579946427604176,0.9955815140020298,-1.6421744064511299
0.0468303837526749,-0.4284195644272839,1.7031726099180378,-0.3095285466005224
-0.48437003300386827,-1.885390289689382,-1.6380290574360168,-7.200499600031262
-2.8912557537256216,0.33300956925022707,-1.7863754653546866,-7.616684509389053
1.7565486814368771,-1.9547898536439101,-0.6220348055543814,-4.397511219647367
-2.585724562112402,1.1494878325970919,0.5827375831738644,-10.017405106445912
-0.1544698741382784,-0.7742687091865137,0.4968735905075971,-0.4925187905549816
0.36406976963369964,-1.8389679879630716,1.0697714549838502,-5.480763191560198
0.7705587396875222,0.35340888393261327,-1.1996975283653082,0.7755799262908478
1.1317897758472535,-0.40926234226778124,-2.3161438629688766,-0.2807886199015516
-1.4803656988637095,1.895201653428598,0.8580141953021454,-12.065659845971076
-2.9401273400493038,0.17679465001480876,-0.8281962729652346,-11.497658451371606
1.340661974129472,-0.8990432758519669,-2.018487864388638,0.4201403687774574
0.21393959608547153,0.8377554585358991,0.14506374595938162,-1.4402318328708659
2.016706219243493,-0.9140319898291547,0.7931756882186773,3.422170880958464
1.928330177404166,1.6169731656302604,-0.12205713212127726,1.0484857901789217
2.0599570067272985,-0.5011121179704943,-0.45784838618248924,6.0459883456043
-0.08943204012275885,0.19947425110482087,-0.15936223214590656,-0.8474451496178192
-0.9982296249788059,-1.7977075847030846,-0.37058276240078286,-9.157151217150707
1.7493492155482198,-0.2955150481910769,-1.3480471119401671,3.7531527291219513
-0.29223532182447043,1.3294541586439799,-0.7146806769904318,-6.590611316286318
-1.899346821579393,1.2225952214533677,0.5212799050138145,-6.6350158932516
2.1298441173688456,-1.102725764585895,0.3216785413765001,4.2531425370074105
2.2953592606340836,-1.0956837159577493,0.16805980596682024,4.7490562398348235
-0.2021414631589793,1.269221248852947,-0.9951484818533795,-7.205776986690889
-2.545801636141275,1.721593680677302,-0.18150316213566714,-13.004882483415136
-0.6730434604984126,-1.6185563149079858,-2.1770650464428547,-9.674866252431135
1.8212259567756206,-0.19976544229509896,0.17847666388538974,4.791693103566081
2.4106441712773723,-0.6501828841430841,1.4288577078135674,7.272771225778903
-1.779163545014425,1.4827538218297573,-1.4741321320421057,-7.486968183276339
-2.598158327848371,-1.665900341279925,-0.5859276733177553,-12.760582050896842
2.264102718797032,-1.1554962297678504,0.32910677871012955,2.806785383753985
-0.6635703661267485,1.0098733503459774,1.2528426344274837,-0.6425790467442316
0.2505657856053798,-1.7948246040751377,-0.4482246163001494,-5.130633929769481
2.8083948723045538,-0.029858477142842954,-0.6922503292658964,8.297834399620918
-2.6006116325146627,-0.23157186128111995,-1.9689231424160831,-7.936993853433342
0.8899080447125733,-0.6623952840450054,0.10343812930810638,-0.20759202209629102
-2.5553674645507973,-0.42171073872430487,2.042076040143744,-6.870354662294053
-0.7471864292009975,0.11976234772093175,0.2773584619646759,-3.971429266699612
1.8228872711606803,-1.3545305664464675,-0.022278979183713316,2.22768934898605
-0.3991666034661936,0.2879835131343711,0.32208231076698546,0.9255706987483292
2.983094123417702,1.2217293171999453,-0.01109200394860206,7.535075172959565
0.35435570967961283,1.0406437191606361,-0.8130143722601298,-0.5304564927614903
-1.073027084184279,-1.3844003812249053,0.8232799156777053,-3.6471738680124774
-1.6793320445714812,-1.4030021210341044,0.2257615231117544,-8.408316152535804
-0.8968767942830294,-0.9273025290203467,0.017613251933657315,-5.508765748672623
-0.7648003574426951,-0.5557010946358512,-0.97536602727825,-2.070557991373903
-2.587717933656234,-0.3661776743660696,1.3035079319347591,-4.910971527607659
-0.782554803439361,0.7187888673333811,0.6647027453331099,-2.1269713607315937
-0.21456888156465048,-1.7732782713366584,-0.552920837367302,-6.113122226263223
1.3364265134328281,-1.8613091830957345,1.0018248536819372,-1.508562499554596
0.9403769083296476,-0.4323577482243639,-0.49757083838520716,3.492374005648418
1.2525939313749257,0.7886547685519218,-0.782003492511037,3.2506026432753803
-2.9498179087388574,-1.2262586281740697,-0.7597031174802871,-9.948625450777314
-1.6939956025167837,0.5660179250250068,-1.7710685530880912,-5.1369237198361555
0.9701057303991387,-0.9606874482388021,0.47154238041820573,1.9594896252449496
-0.09606379092151718,1.5443444352540654,-1.8311448783383502,-6.872943988320594
-2.9681191459899243,1.582759777066466,-1.2284438312657626,-11.90028162216337
1.8269678545909338,-0.810851182874694,-2.0755880090785332,-0.5758155283669615
1.6368574397420241,-1.080024984147038,-0.08606969279089306,3.495901064799823
0.2905149779613758,-0.35478411173507496,-0.15032046027187207,-1.427354557681661
-2.6012200453423673,-1.0378736592794051,-0.32669621318636405,-8.307298893758388
1.5990902971955077,0.6895353731668146,-1.0425776946705763,0.9358486246190751
0.5022815263881837,1.304258738193142,-1.17223375343664,-2.0311866285865783
1.6917598629477553,0.692368523644868,0.46436986354657417,3.733571185107928
1.5104819543750425,1.2974017889973979,-0.5505519317084877,-2.1412783136135984
1.8180124317470225,-0.4120313511701035,0.31635832153614474,5.155217313453095
0.10804839842774872,-1.3747321171645566,-0.8852486861242225,-4.795283095826234
-2.15805289083891,0.9518037895903686,0.18106274277108234,-5.541130494364703
1.0269448402781318,-0.5581019794337845,1.3032780373160637,3.1816407923751626
0.7228427103118236,0.68508330091653,0.5861658003927833,2.082977041664681
1.453519123194523,-0.9174242320729373,-0.4124138182164804,0.31127094019834334
-1.9807139636955882,-1.6750814607733093,0.25719897035592737,-10.654920403467278
-1.8301488005982647,1.9703271819510535,-0.24066517453021302,-12.467869179807805
2.3424571033159705,-1.3751939682776029,0.007880184694728152,3.744203434182234
1.4998667907124243,1.9536839758539242,-0.3256110521485036,-0.8977032779594727
2.449370932201937,1.9091197302657892,-0.1643352058853912,-1.7927606424885392
1.552291926983524,1.1752724156321586,0.21209335307417523,3.2006086005095593
0.5829318359418112,0.6376918483279903,-0.9933586995819507,-3.4231809745209243
0.9247964221672422,0.3112282010043388,-1.0158788269899783,-0.5679373780920236
2.3347675436400595,1.4644061815113387,-1.388542553831211,-0.71101095963562
0.4728405270716429,-0.8422419135220482,-1.60027110450371,-3.5637743041432213
0.7943479459703244,-0.12927515006049184,-1.2172826922204794,-1.5151488587156834
-2.0611397039783963,0.4775598774660077,0.15946250680412918,-4.8003488214332055
-0.1564726793033837,-0.35523809652203564,-0.8927875154918841,-1.7429413981900255
1.2983826717485938,-0.2900541836389281,0.5136144642310962,4.125881220583535
-1.3743438101018075,-0.6788613299916624,0.03471374875256186,-3.198442991839431
-1.7864749168527905,0.25692726673814414,-1.9685042134380537,-5.958236511175785
-1.1170391506535067,1.402298112060464,0.6549755842216898,-4.756067077767701
-1.5509962320429993,-1.1938864879747486,0.8107986455917099,-5.817727131541987
-1.710524177781625,1.7377321550137657,-0.9938626748348534,-12.386760410887861
-0.45089494279147857,0.7563506149929187,0.4201915428949916,-0.19206295218230895
2.447031083301205,1.2930928507201207,-0.856498237409199,1.4533006783627638
0.0423578804323097,0.22476277052004656,0.0976703767483354,-1.3005293534106876
-1.8724777151080618,1.118066805696254,-1.2644984069549656,-8.336251755335907
-2.5381699837147558,-1.9351984106421312,-1.7931064525345768,-16.069424344906075
1.1769368708275518,1.2735216991181408,-0.3828171896129687,-0.9476823991915024
-0.7032074133816728,-1.839444563658534,-0.12372894627483615,-7.443695047747617
1.9309856795121556,1.55965350545145,-0.39767969361460404,0.6135307806758424
0.9570646118446211,1.9678509889545732,-1.1840305582225594,-6.99009859894028
1.7774487032482114,-0.8237301512928887,-0.3998990621311371,2.1307980909111786
-1.3683237634893075,-1.1587257748568254,0.269294752580734,-3.9837063826168335
1.1541535347663485,1.0614534554321629,-0.04489303012253698,1.5615500979185182
-1.4156280918376873,-0.9878946363189871,0.1825010305992134,-2.0189062054741957
2.6344108767017493,1.4622495326888139,-0.6701152004542329,3.9044031194302775
0.8182456892002463,-1.5886296313700932,1.1717179147161596,0.2738605588843277
-1.0529291989479475,-1.496179214482567,-1.1761733365547806,-9.802075861282283
-1.3829288262463642,1.9166062204024623,0.4875602970867186,-8.484810198141473
-1.854440489570139,0.6953555930800186,1.1818910929599615,-4.522394364296544
1.167845753362367,1.3875488977158112,0.4809080927488954,-0.9395665368217041
-1.6877063220124362,-0.702682490593928,-0.20252422706483003,-5.038287427247759
0.5718195955649343,0.7059349980824177,-0.5282970466629792,1.4748793501011583
-1.412189838447856,0.3769673092343888,1.036087651046256,-2.1025361576882395
0.9718136687632115,0.412600480491788,-1.422974925261673,-0.4752844445442652
1.889638371243235,0.7301298381508863,-0.9701242603796436,4.005111219150507
1.6681514588679187,0.30143669251639427,-0.3975577654917214,2.692640001841899
1.5651079855846906,-0.2837505227893362,1.2376537575119981,5.2067571776391555
-1.8736655658464876,-0.8963092224778126,0.37976763604089603,-6.2434645435329195
-2.469690318092888,1.074325323652808,-0.9680457585102453,-9.451281177369957
1.1936929709243138,-1.0949102799872552,-0.31030770538490365,1.6964286168259501
-0.7899167172338921,0.7694172246176567,-0.6143231440962944,-5.15357836046425
-0.4059226415799162,-1.0666687094026934,-0.7097889922335351,-0.7838319296584264
-2.8131054432396536,0.5013206798178156,0.9788895585567792,-9.335772472563171
-1.4425413043497048,0.9883130685161157,-1.3717431292635056,-7.495596500613235
-2.7979415767532156,-1.1251444443738432,1.6087808557343735,-7.270343374079076
2.275114635607486,-1.7602267965547669,0.8282296901846228,1.7325474842808184
-1.5396199006888172,-1.4761050280233037,1.090861670603698,-6.939982725796492
0.3440230174380483,0.4239878690841019,-0.4629395120252583,0.03374764463521518
-2.7661240760332175,1.3977856249029421,-0.14994071907910936,-9.951280084996373
1.0010843478339488,-1.8200127150583025,-1.433151814524712,-5.096133289026898
-1.0618359254754368,0.936605036166585,-0.524662407066803,-2.6160262819370534
2.387515121745995,-0.6347254161997915,0.4936548476431509,6.94692340144523
2.3287091336042147,-0.08588652032190991,1.2960630617813962,8.284188426250834
-1.0482562898295134,1.7154381993822625,-1.1071568168024517,-10.36322773337136
2.405765374142807,-0.6721139810566181,-0.36550593698526584,4.753248489104527
2.976946040992673,-0.1386522642420558,-0.15129922023252232,6.820892870508349
1.952493984743688,-1.9452703409572756,-1.3957892021924851,-4.6947154425826785
2.069228086531374,-1.6736051199806465,0.5913492417584003,1.2038134341038638
-1.5059475833454605,-0.9656336354608639,-0.7239903317426091,-6.901335865881781
0.4602143931465381,-1.8885910367157024,-0.19539035117702397,-4.462406575550826
-2.596464516195793,0.5255013041930039,-0.4519493719118777,-9.000275986827056
-2.4304923790699817,-0.2944065727935099,-0.7893385057196743,-4.364090097747167
2.993355672199744,0.19258081091208812,-0.0070449854805546995,6.065792441961965
-1.0401645034445344,-1.3014112564146818,-0.21560957856802238,-5.514114638503015
1.4891034722930785,-0.8162718822535355,-0.37185788227866556,3.3765359379000848
1.8399903181608988,0.6552978994109004,-0.7284616216803428,2.31545208403956
2.148139626043375,1.8612108945215993,0.31952467078295543,0.7012334449679174
2.9857697844129394,-1.7983329055911632,1.653617268492285,1.2877023751772603
-1.551021088458793,1.5615372834210643,0.13988723283912738,-5.962595300343194
-2.7578950388418018,0.30752480524483383,0.996118214911129,-6.147236016749423
-0.5328508920324841,0.25567826702249485,-1.3902219251534627,-3.595612551882373
-2.2195159810263183,0.0011141408310413325,0.15776143929376948,-5.855579550200179
-2.8654446650276695,-1.7224236563832664,-1.0973683189710666,-12.278002099277716
-0.8374390371510834,-1.6404925930553573,-1.4769249275319014,-9.14370167159716
1.702429506451418,0.40364802263634436,-0.7393714074590363,2.1733258581604304
0.3970841473504252,-0.6361657142577668,1.1918993344135729,1.004642604177901
-1.1233320647378757,1.6690722663107227,0.9500158286696456,-8.733203099498661
0.926052032956318,-0.37363785056211096,0.24300472205439969,5.0133607560816635
-1.6078909181471357,-1.4268741651894357,-1.5327005598899308,-9.913495476003948
-2.91371132356749,0.8588753340081441,-0.1962806513879368,-7.541306026758944
1.5861203186185637,-0.8265863142359606,0.30170000890173554,3.3211950472416873
0.7424585091840545,0.1018812294235727,0.1755362295785979,0.5186441910219768
1.57381574700576,0.7913311420206801,-1.8437935834807457,1.1390241211654781
-2.7663718998740063,1.6010564448082816,-0.8903178480198718,-11.155298774968621
2.022717766983913,1.1687647792067044,-0.06407776414871663,2.2579124306911034
0.7171572002178199,0.7054442714908964,0.5362909095171899,3.169451321563784
0.3803721042758408,0.7185327295805743,-2.1961278210999464,-0.4226323993888734
0.7476842886871893,1.7836985761283461,-0.16212397547985843,-2.6251736730945265
2.1865994812101848,-0.8167036100138558,0.14304876987895235,3.705148821609627
0.5216190393534426,-1.9955516232152504,0.8496119885162131,-6.71907258927467
0.48570227932907617,-0.9121817624072053,0.6928575842374367,-0.5802899057107755
2.944074942394595,-1.128434481493024,0.5825713188088052,5.886807071674118
1.540381002411408,0.6473383404559927,-0.7999405067019342,3.195401651651539
-0.34623716729318854,0.5348463990621162,-1.9080021371233076,-6.355061155846101
1.2443820001975663,0.37384553081889527,-0.39305275706140097,2.4934688510771585
-0.6646171698492691,-1.9350262271621852,1.00163182520856,-7.262728143600628
-1.626747225099006,0.9151122178025899,1.3934545275244314,-4.736450040557688
0.5811112613265568,-0.7058783500580339,0.7105491022977853,3.132307462763043
2.5690925886837093,0.6602239560265244,0.42934082280173436,6.657196113806775
2.574837120092776,0.22631371400861333,0.3796396483859655,8.651864131033586
-0.9485683313670581,-0.6290762982883713,-0.5561187467607805,-3.9081950613504555
0.16606479733016988,-1.461694931583569,-0.13006029355362003,-2.141469763543216
-1.7301846085808328,-1.6223244093580762,1.669069525826331,-5.108185036975361
2.973786656993301,1.3260733324488942,-0.9425580057918763,5.388457741721747
2.8867074472076144,1.673590168326232,1.6147787907098514,1.9902298467819965
0.8970535782446838,0.5991521870571983,-0.3220281544920584,0.9261244723955224
1.8264843580648407,-1.5862635405580665,1.3254321090950785,0.7121350989861145
1.2906009677022006,-0.3918911324470371,-1.4068150094975382,2.41780912587909
0.5589493142368092,0.9157568004206289,0.5859042011646491,1.4447184676320772
-2.679912018066614,1.1192835360402724,-0.736770135947622,-10.876244319849468
-0.27141394468403357,-1.5271255108356456,-1.4152671919241875,-6.048319750087503
1.0487178130044637,-1.9998771246184703,0.21853404241094568,-7.410531151983228
1.0651896833021084,0.84854818352242,1.0094717885959688,4.43835509112792
-0.7612642894656982,-0.5736152960551775,-0.8449414385934964,-4.024431493576676
2.6501519199481836,-0.982074673526959,-1.4990159604584012,3.6240141493350935
-1.995857806579314,-1.9484101208418982,-0.09184476433495513,-12.37012297353029
0.0021566772933638845,0.16119762704599871,-0.08743532877718108,1.5989688449165997
1.1453038593049367,1.404602941703927,0.5483196275544987,-4.450749311952664
1.1828148353508556,1.8305265850903516,0.9495945713644882,-2.244732952584265
0.8918337406128933,0.2629798024531569,-0.059415181272494094,1.8928974744434992
-1.348270719288839,0.05784531095957668,1.855503314794263,-2.3872013402948036
-2.062760587880268,-1.6597744580430356,0.22423474453529177,-7.324482633995154
0.8156419609602654,0.19549120617039906,-0.3464265060068996,0.3275365976688738
0.5958126968366262,-0.4800836841384215,-1.611567359102828,0.7819507659558569
-1.9238639382645542,0.42854112353430773,-0.26265952031616774,-4.842239721094894
1.2308348734233796,-0.4450946084938132,-0.33638694541113623,4.310021232573231
-0.26896804959806175,-1.038803506198533,0.9603047962814704,-2.751332338590747
1.0065635496189174,-1.620138899086494,0.46248362406685406,-2.891539307177931
2.0242024786209036,-0.7403262216444171,-1.1793691216326172,4.656629602281264
-1.981629428538461,-1.6134206628489909,0.1722543864110375,-8.846689884635591
-2.88513079201898,-1.2924121967040643,0.6715311717290534,-11.932447660647405
1.6746155183747202,1.9493446343181837,1.5280313593878327,-2.0870906083302243
0.6581845509156956,-0.2235857723735255,0.8875039674140593,2.9338058530398254
1.19783741773273,0.1274870660200662,0.7608466543114778,4.906746551927711
2.0289298499318553,1.4944741149488614,0.06008599461516361,0.08734085573992467
1.816865608947003,1.9822756019627512,0.3883120054234496,-6.552688969323018
2.7655208815729484,0.3308577973787261,1.2495049007061587,8.62615100541812
0.2156104731127093,1.2498952841766866,-1.3327773974796497,-5.302983308398691
-0.06902620404056758,-0.6922359026532989,-0.3494393272169559,-4.3756120826403055
-0.5886768006556196,-0.7770241702108356,-0.7725687487562407,-7.502272572961185
-2.0778537429347725,-0.3891851160217592,0.3791531187261241,-3.9050623583459747
0.4356433972921345,0.6900290506945965,1.2302221756507876,1.5321824634790202
-1.3379248540441273,0.7287667570203951,-0.5969742867210739,-5.176555339276105
2.5278450732778524,-0.7390422614021968,-2.390304367469438,5.268745061467028
0.49914482566258567,-1.4671603034534852,-0.41222074502447015,-2.041756422684451
0.5570410830486612,0.5295850258620343,0.9134737320174066,4.134350591209069
-0.8704520347379399,-1.486696551244942,0.5376299029498797,-7.7598463263109405
-2.688063888133755,0.3139700329173203,0.4281862478105761,-6.5640569600620005
-2.8095374077620683,0.7736885122252359,-0.27999330187447974,-10.778376598622962
-0.4599891350808152,0.8024459855778066,-1.2790307362197864,-3.8042292056689333
-2.492607731416573,1.013888442638387,0.5152943216244674,-7.991023813137676
0.641081733240835,1.4914376862626582,-0.8342818100346248,-2.212124309642589
2.285838033837944,-0.00016403214084625972,2.184096733380456,7.748627917918341
2.2974888991123326,0.9209967581182847,0.570507208354516,5.665466391483868
0.9542724607933941,0.4766909414633469,-0.5806483025539511,2.509236222781489
-1.732609011162414,-1.2534402408092697,-0.6113852473886282,-4.477378621585087
2.177980988153232,-1.8972414205223673,-0.09294420661358828,-1.5907873124406509
2.3165606118792486,-0.8618344572922649,-0.23950192202174977,2.827350211681723
-1.8200784902822478,-0.22786517464952238,1.1168337755299542,-3.26938097282655
1.4245565146240633,0.4684237777146252,0.18641616974404632,2.1307882946692915
-1.2808827064372623,1.3998373220128215,-0.7316317389085281,-5.164914329036077
1.8158418741175781,-1.2150171331753374,1.8904406851557827,3.158894302478992
2.9834273994216165,-1.4978008404060916,0.04930833152022263,2.6164482015731063
-2.819843968023643,1.85391978989731,0.7688396759688968,-13.251261250684975
2.3841951947455913,-1.5678217624943716,-0.6082265074447593,2.0661931232594317
0.7357832015919481,-0.08603571957124334,0.3631156277445234,1.9163177330268588
2.840295714988927,0.3422549151732075,0.3111099911431952,6.207388880777224
-0.20994289484143458,0.16549768362975303,-1.889649292096153,0.22318520652890728
2.0843275834282426,-1.6558713718682272,2.01527511046064,0.8048737966815809
-2.6256355884103364,-1.7718923439855225,1.2906444609225471,-11.000444306760174
-0.9883256995302254,-1.5780662901558573,-0.39719531614598763,-6.332358594968895
-2.59790077349274,0.34235073549045003,-1.1022697404558555,-10.144764612731265
2.852058800874423,0.17737955053728438,0.34756161380355205,8.106708897810286
1.9018434436310203,-1.065036831853023,0.08669769941439659,1.2082288095634894
2.115284527475823,0.5510965673823662,0.3556689485632294,6.295814175802339
2.627791388603365,1.2802700082225975,0.19157739619408962,2.347557281086906
-2.489379083281288,-1.833684160613625,0.5062409893059261,-10.780992951648127
-0.6864144449199996,-0.007480225807830365,1.4473056993918065,1.245187899794051
-2.573790665735987,0.7572416484107611,0.5681032051286461,-5.663175836633103
-1.7352413906998283,-0.9907522917212517,-1.0496554989099411,-6.672680639803007
-1.6238053377739659,-0.7689163788274036,1.362562852712452,-4.244376507120542
-0.18535673371452788,0.45455161195753524,1.6406145634882874,-0.2233789939288755
-1.3886269952781445,1.5917411737749476,3.152056734512085,-2.9887163266316357
-2.3941313590934334,1.2396976812115974,-1.123494033239598,-10.812046471343228
-1.9950534654353538,0.33252087639833405,0.242882013150275,-6.523665201941421
-2.116346618687454,0.9208868710289968,-2.0820987031889873,-7.693160709659916
2.8384607874737897,-0.5407101191688053,0.5531491563792091,5.8735196252972415
1.5557550415108414,0.5638621123950309,-0.5482002981667726,1.398619221997562
2.806568791617372,-0.13527363548977211,1.9234457948249533,6.549178679505726
-0.361557080952549,-1.2402554541697564,-0.7746149700185819,-5.094231399464964
-1.3297891100240604,0.8069530955090287,-1.6891830379672617,-6.1409219821083125
1.7897591832551196,0.22585854939528804,-0.47126374070251964,4.323076431193681
-1.0424764917531193,-0.5655136721856344,-1.9754877712171375,-3.5328211412009827
-1.2036997577679103,1.645356760314523,0.7510994545073101,-6.41587096354737
-1.6049640467530129,-1.916263528693067,-2.0650830462563206,-12.767011828361557
-2.221926130654588,-0.736907395002016,0.02845758118315888,-6.803955533996789
-1.4612216338994042,-1.7724744088894138,-2.077811819856197,-10.412846473548493
-0.8680815091566738,1.0661092648865087,-0.3202978045366419,-2.595476689000141
1.0439652488743825,0.8084298164551704,1.643378155804534,3.102018978994104
-2.6246109466832905,-0.6745911250547318,0.36064789143579495,-7.75977228053632
-1.7369583620079423,0.7026516088282921,-0.863493604964934,-7.497533861216793
1.8541418417500584,-0.41625109521620063,-0.031203488939083975,2.1275866140279955
-2.118468458497375,1.0250151656897373,0.018016872044446585,-6.171732415147279
-0.9441291208648708,-0.1832653490531757,0.47263034584340563,-1.128442844138224
2.1879535311488407,-0.3508810886733378,-1.3668583632808264,4.884145019479894
-2.070448133139344,1.738919661953204,0.5925672738473307,-10.278713819223245
-2.5035789862908606,-0.9964836004371991,-2.704391631602775,-8.369861034024535
-0.09277202951993502,-1.5182106400137383,-0.6298845523638104,-5.673938298216159
-1.1854829323287817,0.3381724530378327,-0.48827384245154465,-2.176099027606061
0.3804501869031247,1.8772872491367156,0.6333268260712385,-4.880568080150724
1.8228293429008513,-0.4886431450912534,0.02263085267686914,3.235125155801895
-2.177109071083541,-1.751852945484874,-1.4055630538562867,-11.34316370189012
0.4841945073257099,-0.6427789307617302,-0.9849931258170151,0.19475007620880402
0.033052562339183744,0.023726617278233775,0.1986800095474069,0.7958892390795728
-2.1355272839208026,-1.3523079734711452,-0.07906734186455629,-8.579787523600354
0.7439909131738944,0.6324088722259682,-0.5791241096357465,0.5620321946811001
-1.3581574928353701,1.9909975560408024,-0.48083378951197936,-7.3809144360323575
-0.07299408873592483,-0.19304209607422473,0.696167997159289,2.153373491855693
-2.5063660543376285,-0.5810857730791494,-0.5176925728692147,-6.255387325163083
-0.2424956567182619,-0.39718333266213346,-0.08809124402907328,-0.8017808036570164
-1.161219191743078,-1.5394152864191954,2.169936588080543,-3.705008212500172
1.9342872671121256,1.5330944057048952,-1.423682636883923,0.1007147369253989
-2.6581276380157903,-0.3406973779145921,-1.8518427315746586,-8.481604890267795
-0.4883563504900206,-0.45090235430063474,0.7835896647986067,-1.3369699454101172
-0.24941145521137198,0.6387610917218973,-0.6786430612941032,-2.0901117178231052
1.3500364577947126,-0.2318663162755059,-0.31823752774262026,-1.763732813820372
0.445725450541266,0.5929338752313842,-0.7811563781311142,0.09434710026719284
1.003274023165086,-1.75421483947685,-0.2598001407675125,-3.9974346544170087
1.6622957139105363,1.2548933748889097,1.5985381120963413,5.148865294875234
2.173217841949133,1.7620158115176103,0.8021284586181193,0.5955168277782568
-1.116747019665177,0.5950615446375438,0.8622235118869771,-4.436688353198662
0.2281362321834175,1.818263715435243,-1.4162270557926455,-6.730033290910088
2.0406484706351993,-1.3942707425201468,-1.1511537365528692,-1.0027824401091678
2.9367067857903386,-0.09033524207858523,-2.839078659485427,5.482018473777147
2.337115866262579,0.40722693578178903,-0.809380821082754,5.252267174183991
-0.7711964242537395,0.32694658968474677,0.9567031863856584,0.17739192326347042
-1.8290008966880975,-0.39415288364382706,0.5169465157483709,-5.5732147573210975
-0.06364477556046744,-0.6476623625349545,-0.2215132629521239,-1.0625014957357057
1.4498487110162532,-1.4927039097983248,-0.02230028371805305,-2.4536781031345374
-0.044585575480214246,-0.43303019775088725,-0.6888855425754056,-0.016746028026839443
-0.10091482011798902,-1.3493567395780595,0.20475888240178416,-2.5670717846336992
2.029382526490803,0.9374627059688736,0.7658782794806148,4.9245489141524486
-0.8315773255968821,-1.16467625802164,-1.6158867874104728,-5.972460290424942
2.1587680488698737,-1.7657387788618646,0.29964768783734813,0.6766621940936246
-0.5591711942896587,0.20946455126893726,0.9324348709546673,1.7687963437690133
-1.0306013659299635,0.3809189308776064,-0.4151002889633696,-3.638913677876652
-0.276060532801806,1.487652245122022,0.7007006121205837,-3.8351495698807296
1.5746817520492105,0.30792644967072746,2.814654444472553,4.670030274243935
-2.2439878328160345,-0.6180765851062171,-0.10434279298689192,-7.693903135227601
-1.8214847047678957,1.212047526105282,0.3933070500053236,-6.6973220472432695
2.7086689539785516,0.16111557274968424,-0.7380570836613916,7.716596519695561
-1.9470502357118558,-1.682878861475233,0.1812511626020504,-10.18666705163547
0.4063639075863277,0.2634022412529866,0.46027162498230384,0.9513941042269329
0.4758867999716272,1.6320741816866495,0.19484234027013805,-4.039851802735034
-0.062253227698531255,-0.4147494980071178,-1.0196953197088567,-2.1851247262256654
0.8684714914609115,-0.8146967924007997,0.2063617713254507,1.6046459520217435
-1.6210396452142894,-1.4261221719279198,1.4621959387176369,-8.64339324463375
0.31597360666048946,-1.3942179122585707,0.4486357645145273,-0.38380288663837625
-0.7669604685186169,-0.26891406263272444,0.961987189071841,-2.1799127398730227
0.9700035577751343,0.38271929664611815,-0.23701197001262772,3.030900041538144
-2.1526587397611032,-1.677538379321593,0.7499002394237105,-11.677177555386683
0.42526450103685765,1.7582743561006628,0.27926783821652595,-3.246989177571816
-1.8883778677000578,1.0205344697807837,-0.950910729687232,-6.443530501466247
-1.3281416213097816,0.3464956731346507,0.31852100479887446,-2.6734886936484847
-1.6877411980585006,1.3137546837559633,-0.9916966634403105,-9.710235239305536
-1.9029733207870974,-1.6792529727515468,-0.6328802748847919,-10.028506248657774
1.9542657093640017,-0.09264448906750244,0.18932830729237413,3.266026070433316
-1.285754594034658,0.5203725074466536,0.29724427338012405,-3.813429105400183
2.5627426911866955,1.314611624473157,-1.189232465077129,3.769900459070397
2.819559152071145,1.1338782401970708,1.0539857711828762,6.878314210382232
0.427562819622584,-0.8917230011464015,0.5720062783004729,0.17518127394515412
-2.1419932640056416,1.7635206782368171,-0.7047284356108838,-13.04945794457208
-0.7527105397225125,-1.5026166342765186,-1.5375847964491753,-6.361363247137336
1.7863935800892836,1.5005344744846085,-0.1449045790814313,0.31175500918671795
-0.7956556278175775,1.8837609984184742,-0.44594371386116016,-12.258361707857242
-2.4778966901832673,-1.2913859071094977,0.11314045705302281,-7.920790184581508
0.3407094655691276,0.8882642568151411,-0.3631166611555665,-0.931604683805368
2.070725108976209,-1.8388579248880061,-2.00745686074501,-0.9127387725175415
1.7755583228610146,-0.3783086994433802,-0.3883469383011584,2.188866334683112
-1.9492611592178806,0.06513319679069607,-0.30561911106831297,-9.9209020177837
1.0365876864748005,0.3225809036385363,0.6336610247740587,3.3930847350953734
-1.6769744193861174,1.743748992994238,-0.6981996746110497,-9.856659231615431
-1.6907547926869666,0.6890027491767787,1.6786746733725662,-6.106591836163471
2.244430639831111,-0.074888195123052,-1.911640550651757,2.412755950007469
-1.501986283558619,1.2387001450635573,1.3111674978026244,-1.2039688341791939
-1.420515920891933,1.8021312838176358,-0.2243189708781048,-10.057411692656391
-2.9960796554322027,-1.9117354052708366,0.8595848723435562,-12.198652356485873
2.2240142047531055,1.9300850890241548,0.0798014840587331,-2.0495441050890353
1.7555688792548079,-1.6554714437452787,1.1395555360254692,-2.6539864296207325
0.7639736105440678,1.2575471170750454,-0.38736196455281124,-1.5406436649259836
1.5015945836330538,-0.87866098979435,-1.0986204251778122,0.9771399930179491
-2.087708595453049,-1.471281368984513,1.4205042872710631,-8.43703894818892
-0.2500584324745474,-0.2405774411446604,-0.11348064588214118,-1.0034194250777668
-0.8926836759073149,0.5758263177904541,0.2215584736242106,-2.2327408629062466
-2.437340842457901,-0.47619261990609996,1.2347519140447951,-5.615417750640611
-0.0832170887104553,-1.7817383668692042,-1.031955242094435,-8.747076585934906
2.524437902055812,0.39784455863486645,0.5954908976392573,7.2914092232541
-2.759645285695833,1.609613104442699,-0.5898947564628909,-15.017613950828412
-1.2512345190372367,-0.4671385362109932,-0.13216935564437185,-6.7153680452233555
-1.7547543827657792,-1.1346688894766919,0.07227896538428889,-5.53051642575952
-1.571120078005822,-0.22969061626873843,-1.500221861446936,-4.612433464677205
2.4506073112762516,-1.8065491558048765,-0.7788370428204348,-0.5350438421695778
-0.19158567459425946,1.2819503379210992,1.3510728924131392,-4.314285344459269
-0.20220352236108718,1.305363243800747,0.8861911885847956,-3.83695490406633
1.5634538547316943,0.35200185371851367,-0.06263957732723487,3.2351093466666825
-2.073046775970445,-0.5875884442464421,0.24312345851289308,-7.979115103787196
-0.07640787539969551,1.1991334577831334,-0.29424250563645765,-4.152638819841781
-0.4200887152736419,0.2187480991534687,1.356583385827982,1.0630674507362388
0.5814641432799368,1.3037292342000648,-0.20035257779416388,0.35482323562472184
2.9973462195026315,0.5258351703320825,0.23184209213484805,6.57516657524541
1.6166933644922823,1.1376218928511892,1.146030144142065,3.878362644462931
-0.6128057818954371,0.39425197287103986,-0.7773714848459066,-5.382521209583983
1.965318313644282,-0.34343572713733517,1.558789184496894,7.093076334214496
-1.975749820125119,1.8317834397045503,-1.5304614097433769,-13.562487467129559
-2.817217882146239,0.16445529951537896,1.6296421311127987,-5.1640303442717705
-1.7733097652143617,0.42035807416215354,-0.3726755839519746,-5.458372704876211
-0.9575306633144418,-1.118049442341003,-0.24269874782528175,-2.8816967165873564
0.0634845447573591,0.5026031577091059,-1.890010171182943,-3.308649146131624
0.690774843247199,0.2864305979317754,-0.4547947173776929,2.1113548314440225
2.463634303286531,-1.2606464082119002,-1.0398065310268843,1.9433858255797143
0.05912405730274628,-1.7616516105874251,-0.6076463453734726,-6.222679299347239
0.0076538677543762645,0.4174372788590843,-0.1373109657888796,-0.693883026769164
-2.698541941062107,1.0547690774012821,0.9577916144729056,-9.155420108326336
-2.790530684062657,0.0936054836880329,0.20760335140062577,-6.826403718593734
0.3069597714982324,-1.0929094987214172,0.30767665340111383,-1.1996760266880477
-0.37092832050993296,0.6660879067721397,-1.0955193888455623,-2.350039457812308
2.035082369881792,-1.679577093561591,-0.8807540896027302,-0.6559776211889262
-2.035922491728929,-0.23266518079218157,1.798725018351312,-2.3714014438232924
-2.850170027297702,-1.3465329664063193,-0.7352010347632466,-9.665514928774327
-0.305767392419245,-1.2621637957604666,1.6562082520572956,-3.717269442129492
-1.575128659486455,-1.1908242033671854,-0.2430611988808665,-5.405930086807926
-2.7023137599669753,-0.4531717718240884,0.0022879361435040493,-8.902886276653796
1.3475897210857735,-1.7953991775184095,1.0703651602299298,-0.5881379928128332
-2.3304420002565154,-0.40882623628360726,1.2718924219386565,-4.05264364849507
0.6499170000466301,0.04682978845880337,-0.1108125602790875,-1.3458615939851328
-1.313701498998665,-0.06682286013469918,-0.3882430535215389,-3.5022411562177798
-1.9590236978698679,-0.46886359838783775,-0.05592044852221312,-6.04633135139288
-0.721490862484095,1.35658643228301,0.3379575282321183,-5.950301414562215
1.808674657337722,-1.4186932303179836,0.8913036868697555,3.7272955904254577
-0.6474385385725636,0.02278697512549588,0.004229858994151577,-2.596242827516467
1.5046178952663345,-1.7518343321737828,0.6188862980231536,-2.4150853365793745
-2.2470822192050957,-1.715377284488361,1.638359732270941,-9.326173989610846
1.6366285179904745,0.2954633987083852,0.38130961226478466,5.305997049504758
-1.5784000505601081,0.2640736995512838,0.3116528560047783,-4.003508288841624
1.0643587793332365,1.5121340513778279,-1.5189108250900678,-1.0723558765494732
0.3946893290459781,0.2314947026402927,-2.6307301368290634,-0.6809319428160077
2.574868303270124,1.8391640816194008,0.38837572923016833,-2.5691521995287654
-0.6760648921481156,-1.805220606400281,-0.09482423128087224,-8.435583071773543
-2.603008866993357,-1.6079692608770357,-0.514782674914742,-12.467606983000003
-2.885067086692483,-1.8237365537184744,0.24353020418634463,-12.261276134083452
1.9611513658365185,-1.25889259866584,-0.06040372919690829,-1.941369561203226
0.14841382596859276,0.16508044376671238,1.1277802506338985,5.160498558322987
1.6514643110096952,0.582288725709712,0.0861108682589779,4.39239141313908
-1.5934463999309119,-1.8176593682053248,-0.7469232850701676,-10.37952579239814
-0.9294975269205974,1.7838835593823972,0.990166238959289,-5.388275623792074
-2.8193767667320864,1.3686615066015242,-0.21713107494620248,-7.100200580437819
2.7689539474446727,-0.8135500713716275,0.5265366836723071,7.5110331572675575
1.0072074402048807,-1.6912498790941282,-0.47741070619280046,-1.6370184667185144
2.5992305265558375,-1.320451707123771,-0.6498268854974364,2.970800276615529
-1.407021555425566,-1.4922223449801093,0.08416823018569615,-7.662200659791497
0.668781667353965,-1.5068648828042126,0.01282864354368512,-3.1173484134845184
1.0709998097558273,0.07424675466293573,0.479827035366833,1.8602532236075444
-1.0947017984544694,-1.0166102300263988,-0.26864575330974255,-5.869350271293977
2.0886554100937804,-0.5674411338834222,-1.8363597837703973,0.9634997805653915
2.682968777401487,1.9580213335372898,-0.43277388358838864,-0.6968073044102313
2.309130706176026,0.737256995701379,0.7938184671438157,2.9818758401507965
1.434401855636235,1.7959226681880054,-0.29737607924310644,-2.200867860213386
-1.3352119216502758,-1.4297737798675376,-0.24638340251454802,-7.293926289326365
-1.3103037473662096,-0.4714421006697229,0.9863765059059371,-2.567681343231135
2.7801619226762275,0.2189272131294171,-0.7119732272589228,5.440159122760046
-2.938293024385848,-1.692967752445048,-1.5428032182428997,-9.278016561586382
1.2962998394528666,-1.9832502254881685,-0.16063111952549436,-1.943551181088277
1.2374769753315729,0.6817373351876701,-0.484173951248737,-0.04545629746182955
0.7361372456987847,0.5672780672057414,-0.966246319753254,0.7407756276505533
2.940653076521195,-0.35684476000155296,-0.17537845589869072,6.052574137655161
-1.1287233854176486,-0.04142369587186945,0.49150564724678364,-3.9042616317265706
-0.9601688172405112,-0.3382279976316416,-0.009288561567815747,-4.624806576285652
-2.5263635823206667,-1.9039798206204446,0.30698107268623775,-11.91655143743892
-0.3432111807375753,-0.6585135751301503,1.813407698515423,-1.0285836073196641
-1.4337088425909115,-1.2916709784108407,-0.3428788615575641,-5.444269095485153
-0.9396797869341347,-1.606303243594525,0.2783486346446696,-5.252390573047601
2.007430741533766,1.8268817355573992,-0.5092133625991345,0.6136620290285815
2.612907081164974,0.39743890016866246,-0.8463597198869729,4.207639983041907
-1.8856015679688862,0.9146251369464107,-0.5849076534177698,-6.033142846001826
-0.7649464106792045,-0.73854502693553,-0.47875857152168855,-2.3763751783642446
2.571783372692364,-0.4274114820239392,0.35947579754712555,5.712894351928756
-2.629149235864664,-1.052304024413106,2.3490757867007575,-7.609581585353126
-2.4458368313317287,-1.612137316138301,-0.7160434362758403,-9.022926279267708
-2.023254064762624,-1.2838734502336648,-0.4166253056154625,-8.058849988549206
0.5712770047612485,1.1900561811859434,-0.06312301311124825,-0.2238872597113628
-2.097166373964015,0.7101832207351033,0.3957988487097471,-7.027659361437788
2.8084582887044007,0.1877155039419076,0.26355081195478497,5.365987953980722
-0.31971283644887816,-0.09964050853292772,1.2840957939481172,-0.5156413540003162
0.009107762100998507,1.6897371346244978,-2.4263920705352082,-7.486396390746403
-1.520048305167561,-1.7090602088853264,-2.3869298701956727,-12.802283891992312
-0.1742384853915988,-0.8775967470483361,-0.4958781720101493,-2.282970672037384
0.9714817958220694,-0.6002485857171438,1.0973001875437087,0.23497981986198546
1.507062821724256,1.1297032488511514,-1.5656480316055963,-1.6187102826759288
1.5232084962594783,1.9700584806478854,-3.007632339693757,-4.8785157435711515
0.46734667616452974,-1.0373179409713877,0.5711794062192087,0.6512626172354384
2.426158649963144,1.4972293365483225,0.24365722370271442,1.6618207429623286
1.904447083836656,1.3224910417271651,-1.0902084067994298,-0.8948849199507608
1.5422886881917526,-1.1013704094329335,-0.9855396007209299,-0.7557994492525137
-2.666366869917236,-0.4026696792031097,-0.9697437196346744,-8.390446058365432
-2.958732226682104,-0.36130852282992354,0.11053531747394013,-6.565549971115952
-1.7253163368271622,1.9128826741062332,-0.626315276183007,-10.07102227842859
0.9811415634807137,-1.2764323944844067,0.49406391897551966,-0.7799895512837548
-0.5328150667047251,1.1966318844191282,-2.854626662904391,-8.208910462608193
-0.5855624442041298,-0.6632291433075603,-0.8568518651277993,-2.6250785460843087
2.307521329377682,0.9234813831046416,-1.1260539609110503,1.9849801457919347
2.373377088791033,-0.3199559828173486,-0.2563406783724922,4.741087857457427
2.455051584321515,0.3134390524661601,-0.5380477584901385,7.464460842518626
-1.1167315409098362,1.3304470933045245,0.7978437798957666,-4.019257350068172
1.1463348764355707,1.2166622599355366,-1.8593367716600575,-1.2350851335805524
-1.3702009123537822,1.4656927341588006,0.045491476330752,-9.159297797594483
-1.8563410015533013,-1.761530698621364,0.5583364232117055,-9.406637595720577
